{"cameraMode":{"drawMode":0,"name":"Shaded","section":"Shading Mode"},"sceneLighting":true,"audioPlay":false,"sceneViewState":{"showFog":true,"showMaterialUpdate":false,"showSkybox":true,"showFlares":true,"showImageEffects":true,"showParticleSystems":true},"in2DMode":false,"pivot":{"x":218.38009643554688,"y":0.7854493856430054,"z":186.0393829345703},"rotation":{"x":-0.17100094258785249,"y":-0.3195424973964691,"z":0.05874435231089592,"w":-0.930162787437439},"size":7.131940841674805,"orthographic":false}